Sentence ID,Concept ID,Level_4,Level_5
0,C0002170 ,1,0
0,C0586746 ,0,1
1,C0425736 ,0,0
1,C0582140 ,0,1
2,C0456820 ,0,1
2,C0549622 ,0,0
3,C0549622 ,1,1
5,C0037320 ,0,1
5,C0344232 ,1,0
6,C0344232 ,1,0
6,C0558127 ,0,1
7,C0423994 ,0,1
7,C0558185 ,1,0
9,C0425101 ,0,0
9,C0577477 ,0,1
10,C0086769 ,1,0
10,C0700031 ,0,1
13,C0012833 ,0,0
13,C0423994 ,0,1
14,C0012833 ,0,0
14,C0558127 ,0,1
15,C0000765 ,0,1
15,C0010201 ,1,0
17,C0232937 ,0,0
17,C0558077 ,0,1
18,C0558185 ,0,0
18,C0560765 ,0,1
19,C0043094 ,0,1
19,C1262477 ,0,0
20,C0012833 ,0,1
20,C0039231 ,0,0
21,C0042571 ,0,0
21,C0456820 ,0,1
22,C0042571 ,0,0
22,C0522365 ,0,1
23,C0042571 ,0,0
23,C0522365 ,0,1
24,C0151786 ,0,1
24,C0231528 ,1,0
25,C0231403,0,0
25,C0583786 ,0,1
26,C0000765 ,0,0
26,C1562291 ,0,1
28,C0423994 ,0,1
28,C0558185 ,0,0
29,C0043094 ,1,1
31,C0021177 ,0,0
31,C2981158 ,0,1
32,C0344315 ,0,0
32,C0393760 ,0,1
36,C0425712 ,0,1
36,C0578994 ,1,0
37,C0000765 ,0,0
37,C0563158 ,0,1
38,C0701810,1,1
41,C0424431 ,0,0
41,C0584995 ,0,1
42,C0037320 ,0,1
42,C0344232 ,0,0
43,C0424000 ,0,0
43,C0583786 ,0,1
44,C0006325 ,1,0
44,C0558127 ,0,1
45,C0423994 ,0,1
45,C0586741 ,0,0
46,C0455769 ,1,0
46,C0456820 ,0,1
47,C0425082 ,0,1
47,C0581881 ,1,0
48,C0005911 ,0,0
48,C1562291 ,0,1
51,C0000765 ,0,0
51,C1562291 ,0,1
52,C0425766 ,0,0
52,C0812387 ,0,1
53,C0037317 ,0,1
53,C0233494 ,1,0
54,C0000765 ,0,0
54,C0456820 ,0,1
55,C0085633 ,1,1
56,C0424000 ,1,0
56,C0522172 ,0,1
57,C0043094 ,0,0
57,C0917801 ,0,1
58,C0231218,0,1
58,C0558185 ,0,0
59,C0004936 ,0,0
59,C0563158 ,0,1
60,C0235239 ,0,1
61,C0235239 ,0,0
61,C0583786 ,0,1
62,C0004604 ,0,1
62,C0030193 ,1,0
64,C0522172 ,0,1
64,C0578994 ,0,0
65,C0423994 ,0,1
65,C0581879 ,0,0
66,C0424000 ,0,0
66,C1688635 ,0,1
67,C0281856 ,0,1
67,C0423572 ,1,0
68,C0002170 ,1,0
68,C0586746 ,0,1
69,C0425082 ,0,1
69,C0578994 ,0,0
70,C0000765 ,0,0
70,C0583786 ,0,1
71,C0002170 ,0,0
71,C0425082 ,0,1
72,C0338656 ,1,1
73,C0000765 ,0,0
73,C0423994 ,0,1
74,C0314719 ,1,1
75,C0234238 ,0,1
75,C0439814 ,0,0
77,C0558077 ,0,1
77,C0860645 ,0,0
78,C0392674 ,0,0
78,C0917801 ,0,1
79,C0583786 ,0,1
79,C0857087 ,0,0
80,C0000765 ,0,0
80,C0423994 ,0,1
82,C0233408 ,0,1
83,C0000765 ,0,0
83,C0233632 ,0,1
85,C0542476 ,1,0
85,C0558127 ,0,1
86,C0344315 ,0,0
86,C1562291 ,0,1
87,C0000765 ,0,0
87,C0018379 ,0,1
88,C0438696 ,0,0
88,C0522178 ,0,1
89,C0231403,0,1
90,C0011860 ,0,0
90,C0016382 ,0,1
91,C0030252 ,0,0
91,C0037320 ,0,1
92,C0030252 ,0,0
92,C0037320 ,0,1
95,C0036104 ,0,0
95,C0424000 ,0,1
96,C0425082 ,0,1
96,C0425101 ,0,0
98,C0393760 ,0,1
98,C0438696 ,0,0
100,C0041755 ,0,1
100,C0583786 ,0,0
101,C0006325 ,0,0
101,C0456820 ,0,1
102,C0006325 ,1,1
103,C0037320 ,0,1
103,C0424444 ,0,0
104,C0000765 ,0,0
104,C1562291 ,0,1
106,C0423994 ,0,1
106,C0549622 ,0,0
109,C0392171 ,0,0
109,C0583786 ,0,1
110,C0438696 ,0,0
110,C0456820 ,0,1
111,C0150041 ,0,0
111,C0424158 ,0,1
113,C0549622 ,0,0
113,C1562291 ,0,1
115,C0221512 ,0,0
115,C0456820 ,0,1
118,C0000765 ,0,0
118,C1562291 ,0,1
119,C0085633 ,1,1
120,C0000765 ,0,0
120,C0583786 ,0,1
121,C0043094 ,0,0
121,C0231247 ,0,1
123,C0231247 ,0,1
124,C0497406 ,0,0
124,C0563717 ,0,1
125,C2981158 ,0,0
125,C4275267 ,0,1
126,C0583786 ,0,1
126,C2981158 ,0,0
127,C0234019 ,0,1
128,C0030193 ,0,0
128,C0278140 ,0,1
129,C0027497 ,0,0
129,C0456820 ,0,1
130,C0000765 ,0,0
130,C0558127 ,0,1
131,C0021177 ,0,0
131,C2981158 ,0,1
133,C0041755 ,0,0
133,C0413862 ,0,1
134,C0456820 ,0,1
134,C2981158 ,0,0
135,C0857087 ,0,0
135,C4075722 ,0,1
136,C0018681 ,0,0
136,C0578994 ,0,1
137,C0018681 ,0,0
137,C0522172 ,0,1
138,C0583786 ,0,1
139,C0000765 ,0,0
139,C0558127 ,0,1
140,C0018681 ,0,0
140,C0558127 ,0,1
141,C0011860 ,0,1
142,C0002170 ,0,0
142,C0424558 ,0,1
145,C0423044,0,0
145,C0423994 ,0,1
147,C0344315 ,0,0
147,C0424537 ,0,1
148,C0085633 ,0,1
148,C0344315 ,0,0
149,C0423994 ,0,1
149,C0581879 ,0,0
150,C0563158 ,0,1
151,C0558127 ,0,1
151,C0566276 ,0,0
152,C0043094 ,1,1
154,C0344232 ,1,1
155,C0233408 ,0,1
155,C0424565 ,0,0
156,C0423994 ,0,1
156,C0424565 ,1,0
157,C0393761 ,0,0
157,C0456820 ,0,1
158,C0314719 ,0,1
159,C0456820 ,0,1
159,C0683369 ,0,0
160,C0235146 ,0,1
160,C0344315 ,0,0
161,C0558127 ,0,1
161,C0683369 ,0,0
162,C0425101 ,1,0
162,C0557932 ,0,1
163,C0000765 ,0,0
163,C0558185 ,0,1
164,C0018681 ,1,0
164,C0027497 ,0,1
165,C0018681 ,0,0
165,C0583786 ,0,1
170,C0231247 ,0,1
170,C0558261 ,1,0
171,C0234238 ,0,1
172,C0233763 ,0,0
172,C0558127 ,0,1
174,C0036104 ,1,1
175,C0000765 ,0,0
175,C0233632 ,0,1
177,C0000765 ,0,0
177,C0018681 ,0,1
179,C0000765 ,0,0
179,C1562291 ,0,1
180,C0424091 ,0,0
180,C4074950 ,0,1
182,C0000765 ,0,0
182,C0578673 ,0,1
183,C0085632 ,0,0
183,C0456820 ,0,1
184,C0231403,0,0
184,C0231403 ,0,1
185,C0583786 ,0,1
187,C0000765 ,0,0
187,C0423994 ,0,1
189,C0557875 ,0,1
191,C0011991 ,0,0
191,C0234238 ,0,1
194,C0425082 ,0,1
194,C0581879 ,0,0
195,C0030318 ,0,0
195,C0583786 ,0,1
198,C0012833 ,0,1
199,C0011991 ,1,0
199,C1291077 ,0,1
200,C0424000 ,0,1
200,C0438696 ,1,0
202,C0027497 ,0,1
202,C0578994 ,0,0
204,C0000765 ,0,0
204,C0566276 ,0,1
205,C0027497 ,0,0
205,C0423994 ,0,1
206,C0001241 ,1,0
206,C0563158 ,0,1
209,C0000765 ,0,1
209,C0043094 ,1,0
210,C0013473 ,0,0
210,C0020505 ,0,1
211,C0423994 ,0,1
211,C0558185 ,0,0
213,C0000765 ,0,0
213,C0231247 ,0,1
214,C0033893 ,0,1
214,C0427195 ,1,0
217,C0037320 ,0,1
217,C0860645 ,0,0
218,C0020175 ,0,0
218,C0235146 ,0,1
219,C0233794 ,0,1
219,C0701810,1,0
220,C0558219 ,0,1
221,C0003862 ,1,0
221,C0231528 ,0,1
222,C0000765 ,0,0
222,C0577477 ,0,1
223,C0234655 ,0,1
223,C0314719 ,1,0
224,C0033774 ,0,0
224,C0278140 ,0,1
225,C0564821 ,0,1
225,C0702166 ,0,0
226,C0033774 ,0,0
226,C0563717 ,0,1
228,C0456820 ,0,1
228,C0557875 ,0,0
230,C0583786 ,0,1
231,C0558127 ,0,1
231,C4074950 ,0,0
232,C0423994 ,0,1
234,C0233408 ,0,1
234,C3887605 ,0,0
235,C0233408 ,0,1
236,C0000765 ,0,0
236,C1562291 ,0,1
237,C0000765 ,0,0
237,C0694551 ,0,1
238,C0000765 ,0,0
238,C0558127 ,0,1
240,C0043094 ,0,1
241,C0424565 ,0,0
241,C0542313 ,0,1
242,C0000765 ,0,0
242,C3263685 ,0,1
243,C0000765 ,0,0
243,C0423994 ,0,1
246,C0456820 ,0,1
246,C0563717 ,1,0
247,C0043094 ,1,0
247,C1262477 ,0,1
248,C0000765 ,0,0
248,C0563717 ,0,1
250,C0456820 ,0,1
250,C0549622 ,0,0
252,C0425082 ,0,1
252,C0557875 ,0,0
253,C0234019 ,0,0
253,C0542313 ,0,1
254,C0236000 ,0,1
255,C0423994 ,0,1
255,C0455769 ,0,0
257,C0424565 ,0,0
257,C0542313 ,0,1
258,C0000765 ,0,0
258,C0558077 ,0,1
260,C0027497 ,0,0
260,C0085631 ,0,1
261,C0011991 ,0,0
261,C0456820 ,0,1
262,C0000765 ,0,0
262,C0583786 ,0,1
263,C0456820 ,0,1
263,C0549622 ,0,0
264,C0000765 ,0,0
264,C0026961 ,0,1
265,C0344232 ,1,1
270,C0424573 ,0,0
270,C0558127 ,0,1
272,C0558127 ,0,1
272,C0860645 ,0,0
273,C0423994 ,0,1
273,C0564548 ,0,0
276,C0456820 ,0,1
276,C0557875 ,0,0
277,C0424158 ,0,1
277,C0701811 ,0,0
278,C0043094 ,0,0
278,C0231247 ,0,1
281,C0424432 ,0,1
281,C0566276 ,0,0
283,C0557875 ,1,1
287,C0338656 ,0,0
287,C0424158 ,0,1
288,C0042963 ,0,0
288,C4074950 ,0,1
289,C0557875 ,0,0
289,C0558127 ,0,1
290,C0581879 ,0,0
290,C1688635 ,0,1
292,C0344232 ,1,1
294,C0013473 ,0,0
294,C0424432 ,0,1
296,C0011124 ,0,1
296,C0021177 ,0,0
297,C1971624 ,1,1
298,C0456820 ,0,1
298,C0581879 ,0,0
299,C0000765 ,0,0
299,C0423994 ,0,1
300,C0043094 ,0,0
300,C0231247 ,0,1
303,C0043094 ,1,1
304,C0000765 ,0,0
304,C0231247 ,0,1
307,C0000765 ,0,0
307,C0424099 ,0,1
308,C0233408 ,0,0
308,C0424099 ,0,1
310,C0393761 ,0,0
310,C4075722 ,0,1
312,C0557875 ,1,1
318,C0424565 ,0,0
318,C0542313 ,0,1
319,C0424000 ,0,0
319,C0558127 ,0,1
321,C0000765 ,0,0
321,C0235146 ,0,1
325,C0423994 ,0,1
325,C0581881 ,0,0
326,C0028643 ,1,0
326,C0239832 ,0,1
328,C0008031 ,0,0
328,C0583786 ,0,1
329,C0000765 ,0,0
329,C0235239 ,0,1
331,C0344315 ,0,0
331,C1688635 ,0,1
333,C0000765 ,0,1
333,C1971624 ,0,0
334,C0000765 ,0,0
334,C0278140 ,0,1
335,C0028084 ,1,1
336,C0424444 ,1,1
337,C0002957 ,1,1
338,C1532253 ,0,0
338,C1562291 ,0,1
340,C0000765 ,0,0
340,C0456820 ,0,1
341,C0027497 ,1,1
342,C0043387 ,1,0
342,C0578994 ,0,1
344,C0234022 ,0,1
344,C0425769 ,1,0
345,C2981158 ,1,1
346,C0425769 ,0,0
346,C1562291 ,0,1
347,C0425769 ,0,0
347,C0456820 ,0,1
348,C0424573 ,1,0
348,C4075722 ,0,1
349,C0558077 ,0,1
350,C0425101 ,0,0
350,c0037317,0,1
351,C0563146 ,1,1
353,C0344315 ,0,0
353,C0456820 ,0,1
355,C0043094 ,1,1
356,C0000765 ,0,0
356,C1562291 ,0,1
358,C0038990 ,0,0
358,C0234238 ,0,1
359,C0581879 ,0,1
361,C0423044,0,0
361,C0558127 ,0,1
362,C0234019 ,1,0
362,C0558127 ,0,1
363,C0424528 ,0,0
363,C0558127 ,0,1
364,C0424565 ,0,0
364,C0542313 ,0,1
365,C0013144 ,0,0
365,C0566276 ,0,1
367,C0043094 ,0,0
367,C0231247 ,0,1
368,C4074950 ,0,1
370,C0232461 ,1,1
373,C0438697 ,1,0
373,C0700590 ,0,1
374,C0000765 ,0,0
374,C1562291 ,0,1
375,C0042963 ,0,1
375,C0234369 ,1,0
376,C0557875 ,1,1
377,C0028084 ,1,1
381,C0000765 ,0,0
381,C0456820 ,0,1
382,C0558078 ,1,0
382,C0701811 ,0,1
385,C0557875 ,1,1
386,C0085632 ,0,0
386,C0456820 ,0,1
387,C0425769 ,0,1
388,C0037320 ,0,1
388,C0424565 ,0,0
389,C0037320 ,0,1
389,C0424565 ,0,0
390,C0002170 ,1,1
391,C0043094 ,0,1
391,C1262477 ,0,0
392,C0023222 ,1,0
392,C0024031 ,0,1
394,C0037320 ,0,1
394,C0038990 ,0,0
396,C0038990 ,0,0
396,C0558077 ,0,1
398,C0234019 ,0,1
400,C0002170 ,1,1
401,C0002170 ,0,0
401,C0456820 ,0,1
402,C0563158 ,0,1
403,C0002170 ,1,0
403,C1562291 ,0,1
404,C0028084 ,1,0
404,C0554978 ,0,1
408,C0277960 ,0,0
408,C0456820 ,0,1
409,C0000765 ,0,0
409,C1562291 ,0,1
410,C0277960 ,0,0
410,C0558127 ,0,1
412,C1971624 ,1,1
413,C0018834 ,0,0
413,C0558127 ,0,1
414,C2219848 ,0,0
414,c0037317,0,1
415,C0000765 ,0,1
415,C0043094 ,1,0
416,C0012833 ,0,1
417,C0424432 ,0,1
417,C0566276 ,0,0
418,C0037320 ,0,1
418,C0424444 ,1,0
421,C0000765 ,0,1
421,C0043094 ,1,0
423,C0423994 ,0,1
423,C0583786 ,0,0
424,C0234019 ,0,1
425,C0021177 ,0,0
425,C2981158 ,0,1
426,C0231403,0,0
426,C1562291 ,0,1
427,C0027497 ,1,0
427,C0235309 ,0,1
428,C0233471 ,0,0
428,C0456820 ,0,1
429,C1971624,0,1
429,C1971624 ,1,0
430,C0011860 ,0,0
430,C1562291 ,0,1
431,C0027497 ,0,0
431,C0423994 ,0,1
432,C0027497 ,0,0
432,C0456820 ,0,1
434,C0233407 ,0,0
434,C4074950 ,0,1
435,C0231403,0,0
435,C1562291 ,0,1
436,C0583786 ,0,1
437,C0043094 ,0,0
437,C0456820 ,0,1
439,C0234019 ,0,1
441,C0005911 ,1,1
442,C0043094 ,0,0
442,C0558127 ,0,1
443,C0006325 ,1,1
445,C0456820 ,0,1
445,C0581879 ,0,0
447,C1971624,0,1
447,C1971624 ,1,0
449,C0413862 ,0,0
449,C3164199 ,0,1
450,C0043387 ,0,0
450,C0456820 ,0,1
451,C0000765 ,0,1
451,C0043094 ,0,0
453,C0033774 ,1,1
454,C0012833 ,0,0
454,C0456820 ,0,1
455,C0030318 ,0,0
455,C0393760 ,0,1
456,C0042023 ,0,1
456,C0235969 ,0,0
457,C0043094 ,0,0
457,C0456820 ,0,1
458,C0558127 ,0,1
458,C0860645 ,0,0
460,C0085631 ,0,1
460,C0424565 ,0,0
462,C0558077 ,0,1
462,C0578994 ,0,0
464,C0018681 ,0,0
464,C0456820 ,0,1
465,C0231247 ,0,1
465,C0558185 ,1,0
466,C0239833 ,0,0
466,C0558127 ,0,1
467,C0456820 ,0,1
467,C1971624 ,1,0
468,C0000765 ,0,0
468,C1562291 ,0,1
469,C0860645 ,0,1
470,C0558127 ,0,1
470,C0860645 ,0,0
471,C0000765 ,0,0
471,C0558127 ,0,1
472,C0424528 ,0,0
472,C0558127 ,0,1
473,C0860645 ,1,1
474,C0000765 ,0,0
474,C0423994 ,0,1
476,C0497247 ,0,0
476,C0700590 ,0,1
477,C0011991 ,0,0
477,C2981158 ,0,1
478,C0234238 ,0,1
478,C0235969 ,0,0
479,C0042963 ,0,1
479,C0043387 ,1,0
480,C0424158 ,0,1
480,C0582140 ,0,0
482,C0232487 ,0,0
482,C0235309 ,0,1
484,C0232487 ,0,0
484,C0700590 ,0,1
487,C0026961 ,0,0
487,C4074950 ,0,1
489,C0000765 ,0,0
489,C0583786 ,0,1
492,C1971624,0,1
492,C1971624 ,1,0
493,C0000765 ,0,0
493,C0425082 ,0,1
494,C0234019 ,0,1
494,C2981158 ,1,0
495,C0000765 ,0,0
495,C0558127 ,0,1
498,C0043094 ,0,0
498,C0456820 ,0,1
499,C0558077 ,0,1
499,C0917801 ,0,0
501,C0236000 ,0,1
503,C0232461 ,1,1
504,C0012833 ,0,1
504,C0018681 ,1,0
505,C0000765 ,0,0
505,C0583786 ,0,1
506,C0000765 ,0,1
506,C0043094 ,0,0
507,C0000765 ,0,0
507,C0583786 ,0,1
508,C0000765 ,0,0
508,C0233408 ,0,1
509,C0030252 ,1,0
509,C0235239 ,0,1
510,C0000765 ,0,0
510,C0558127 ,0,1
511,C0558127 ,0,1
511,C2958630 ,0,0
512,C0000765 ,0,0
512,C2219848 ,0,1
513,C0037320 ,0,1
513,C0566582 ,0,0
514,C0234238 ,0,1
514,C0344232 ,0,0
515,C0000765 ,0,1
515,C0043094 ,0,0
516,C0020175 ,1,0
516,C1971624,0,1
518,C0425769 ,1,1
520,C0043094 ,0,0
520,C0231247 ,0,1
521,C0232461 ,0,1
521,C1971624 ,0,0
523,C0000765 ,0,0
523,C0233408 ,0,1
524,C0018616 ,0,1
524,C0424000 ,0,0
526,C1262477 ,0,1
527,C0424573 ,1,1
528,C0011124 ,0,1
528,C0023222 ,0,0
529,C0700590 ,1,1
530,C0583786 ,0,1
530,C0700590 ,0,0
531,C0000765 ,0,1
531,C0043094 ,0,0
532,C1262477 ,0,1
533,C0043094 ,0,0
533,C0456820 ,0,1
534,C0000765 ,0,0
534,C0456820 ,0,1
535,C0028081 ,0,1
535,C0038990 ,1,0
536,C0043094 ,1,1
537,C0425769 ,0,0
537,C0456820 ,0,1
538,C0583786 ,0,0
538,C4075722 ,0,1
539,C0424528 ,0,0
539,C0558127 ,0,1
540,C0000765 ,0,0
540,C0456820 ,0,1
541,C0000765 ,0,1
541,C0043094 ,1,0
543,C0043094 ,1,1
545,C0423994 ,0,1
545,C0581881 ,0,0
549,C0043094 ,1,1
550,C0011860 ,0,0
550,C0583786 ,0,1
551,C0027497 ,0,1
555,C1262477 ,0,1
557,C0425083 ,0,0
557,C0558127 ,0,1
558,C0000765 ,0,0
558,C3164199 ,0,1
560,C0011124 ,0,1
560,C0021177 ,1,0
561,C0085633 ,0,1
561,C0917801 ,1,0
562,C0233471 ,0,0
562,C0456820 ,0,1
564,C0231218 ,0,0
564,C0558127 ,0,1
565,C0043094 ,0,0
565,C4074950 ,0,1
566,C0043094 ,0,0
566,C0231247 ,0,1
567,C0000765 ,0,0
567,C0413862 ,0,1
568,C0012833 ,1,1
569,C0000765 ,0,1
569,C0043094 ,0,0
570,C0235160 ,0,1
570,C0424565 ,1,0
571,C0426584 ,0,1
571,C1971624 ,1,0
572,C0000765 ,0,0
572,C0917801 ,0,1
573,C0043094 ,1,1
574,C0232461 ,0,1
574,C0232462 ,0,0
577,C0000765 ,0,0
577,C0413862 ,0,1
578,C0037317 ,0,1
578,C0424565 ,0,0
579,C0000765 ,0,0
579,C0583786 ,0,1
581,C0002170 ,0,0
581,C0583786 ,0,1
582,C0086769 ,1,0
582,C0413862 ,0,1
585,C0037320 ,0,1
585,C0424565 ,0,0
587,C0011991 ,1,1
591,C0043094 ,0,0
591,C0231247 ,0,1
594,C0424000 ,0,1
594,C0438696 ,0,0
595,C0344315 ,0,0
595,C0425082 ,0,1
599,C0008031 ,1,0
599,C0278140 ,0,1
600,C0425082 ,0,1
600,C0425101 ,0,0
601,C0008031 ,0,0
601,C0583786 ,0,1
602,C0235239 ,0,1
603,C0011860 ,0,0
603,C0583786 ,0,1
605,C0000765 ,0,0
605,C0423994 ,0,1
606,C0455769 ,1,1
607,C0004604 ,0,1
607,C0030193 ,1,0
608,C0000765 ,0,0
608,C0239067 ,0,1
609,C0425082 ,0,1
609,C0425101 ,0,0
610,C0425083 ,1,1
611,C0030252 ,0,0
611,C0583786 ,0,1
612,C0021177 ,0,1
612,C0549622 ,1,0
613,C0178417 ,0,0
613,C0236858 ,0,1
614,C0424000 ,0,1
614,C0438696 ,1,0
615,C0036104 ,0,0
615,C1562291 ,0,1
616,C0558127 ,0,1
616,C0575805 ,0,0
617,C0424939 ,0,0
617,C0425101 ,0,1
619,C0438696 ,0,0
619,C0563158 ,0,1
620,C0021167 ,0,0
620,C0024517 ,0,1
622,C0000765 ,0,0
622,C0423994 ,0,1
623,C0038661 ,0,0
623,C0563158 ,0,1
624,C0085631 ,1,0
624,C0424000 ,0,1
625,C0233408 ,0,1
626,C0233632 ,0,1
626,C0233763 ,0,0
628,C0456820 ,0,1
628,C1971624 ,0,0
629,C0524322 ,0,1
629,C0849963 ,1,0
630,C0043387 ,1,1
631,C0558127 ,0,1
631,C0581879 ,0,0
632,C0423994 ,0,1
632,C1527304 ,0,0
634,C0086769 ,1,0
634,C0700031 ,0,1
635,C0011991 ,1,0
635,C0583786 ,0,1
636,C0038990 ,0,0
636,C0700590 ,0,1
637,C0027497 ,0,0
637,C0028081 ,0,1
638,C0425082 ,0,1
638,C0425101 ,1,0
639,C0085631 ,0,1
639,C0424000 ,0,0
642,C0037320 ,1,1
643,C0233762 ,1,1
644,C0278140 ,0,1
644,C0424444 ,0,0
645,C0424444 ,0,0
645,C0425082 ,0,1
646,C0149931 ,0,0
646,C0583786 ,0,1
647,C0700590 ,1,0
647,C0849963 ,0,1
649,C0028643 ,0,0
649,C0700590 ,0,1
651,C0028084 ,0,0
651,C0393760 ,0,1
652,C0011860 ,0,0
652,C0583786 ,0,1
653,C0583786 ,0,1
653,C1456784 ,0,0
654,C0233408 ,0,1
657,C0424565 ,0,0
657,C0542313 ,0,1
659,C0456820 ,0,1
659,C1262477 ,1,0
660,C0311394 ,1,0
660,C0558127 ,0,1
661,C0014724 ,1,0
661,C0042963 ,0,1
662,C0000765 ,0,1
662,C0424565 ,0,0
663,C0000765 ,0,0
663,C0423994 ,0,1
664,C0233998 ,0,1
664,C0549622 ,1,0
665,C0017168 ,1,0
665,C0563158 ,0,1
666,C0425082 ,0,1
667,C0231528 ,0,1
667,C0427195 ,1,0
669,C0423994 ,0,1
669,C0557875 ,0,0
670,C0002957 ,1,0
670,C0917801 ,0,1
671,C0497247 ,0,0
671,C0542313 ,0,1
672,C0424565 ,0,0
672,C0542313 ,0,1
673,C0000765 ,0,0
673,C0583786 ,0,1
674,C0438696 ,1,1
676,C0558127 ,0,1
676,C0581879 ,0,0
677,C0021177 ,0,0
677,C2981158 ,0,1
678,C0000765 ,0,0
678,C0002957 ,0,1
679,C0424000 ,0,1
679,C0438696 ,1,0
680,C0344232 ,0,0
680,c0037317,0,1
681,C0850674 ,1,0
681,C3887611 ,0,1
682,C0000765 ,0,1
682,C0043094 ,0,0
684,C0557875 ,0,0
684,C4075722 ,0,1
685,C0000765 ,0,0
685,C0423994 ,0,1
688,C0234019 ,0,0
688,C1562291 ,0,1
690,C0000765 ,0,0
690,C0020604 ,0,1
693,C0000765 ,0,1
693,C0002170 ,1,0
694,C0002170 ,0,0
694,C0456820 ,0,1
695,C0233479 ,0,1
695,C0455769 ,0,0
697,C0018681 ,0,0
697,C0235108 ,0,1
698,C0232461 ,1,0
698,C3887605 ,0,1
699,C0231528 ,1,0
699,C0234238 ,0,1
700,C0000765 ,0,0
700,C0278140 ,0,1
701,C0586741 ,0,1
702,C0000765 ,0,0
702,C4075722 ,0,1
703,C0424000 ,0,0
703,C0557885 ,0,1
704,C0239882 ,0,1
704,C0581881 ,0,0
706,C0007859 ,0,1
706,C0018681 ,0,0
707,C0425082 ,0,1
707,C0425101 ,0,0
708,C0011991 ,1,0
708,C0425082 ,0,1
709,C0000765 ,0,0
709,C0231247 ,0,1
710,C0557875 ,1,1
711,C0020175 ,1,0
711,C0232461 ,0,1
713,C0000765 ,0,0
713,C0558127 ,0,1
714,C0234022 ,0,1
714,C0425769 ,0,0
715,C0424565 ,0,0
715,C0542313 ,0,1
716,C0232461 ,0,0
716,C0586746 ,0,1
717,C0233408 ,0,0
717,C0558127 ,0,1
719,C0011124 ,0,0
719,C0232461 ,0,1
723,C0000765 ,0,0
723,C0583786 ,0,1
724,C0013473 ,1,0
724,C0020505 ,0,1
726,C0344375 ,1,1
727,C0424432 ,0,1
727,C0566276 ,0,0
729,C0393760 ,0,0
729,C0456820 ,0,1
730,C0043387 ,1,1
731,C0011991 ,1,1
732,C0424091 ,0,1
732,C2981158 ,0,0
733,C0424565 ,0,0
733,C0583786 ,0,1
734,C0011991 ,1,0
734,C1443924 ,0,1
736,C0085632 ,1,0
736,C0456820 ,0,1
738,C1971624,0,1
738,C1971624 ,1,0
739,C0424000 ,0,0
739,C0583786 ,0,1
740,C0425251 ,1,0
740,C0583786 ,0,1
741,C0036104 ,0,0
741,C0423994 ,0,1
742,C0000765 ,0,0
743,C0558127 ,0,1
743,C0581879 ,0,0
744,C0000765 ,0,0
744,C0424112 ,0,1
745,C0424304 ,1,0
745,C0424329 ,0,1
746,C0041755 ,1,1
748,C0000765 ,0,0
748,C0563158 ,0,1
749,C1971624 ,1,1
750,C0583786 ,0,1
750,C1971624 ,0,0
751,C0012833 ,0,0
751,C1562291 ,0,1
752,C0024517 ,0,1
753,C0000765 ,0,0
753,C0581879 ,0,1
754,C0423994 ,0,1
754,C0857087 ,0,0
755,C0043094 ,1,1
756,C0234019 ,0,1
757,C0424158 ,0,0
757,C0558127 ,0,1
758,C0231247 ,0,1
759,C0000765 ,0,0
759,C0583786 ,0,1
761,C0235169 ,0,0
761,C0424158 ,0,1
763,C0564184 ,0,1
763,C0575805 ,0,0
764,C0006325 ,1,0
764,C0424000 ,0,1
765,C0024031 ,0,1
765,C0030193 ,0,0
766,C0234019 ,0,1
767,C0000765 ,0,0
767,C0028084 ,0,1
768,C0236000 ,0,1
768,C0702166 ,1,0
769,C0423994 ,0,1
769,C0702166 ,1,0
770,C0017168 ,0,0
770,C0020505 ,0,1
771,C0000765 ,0,0
771,C0425082 ,0,1
772,C0547030 ,0,0
772,C1262477 ,0,1
774,C0043094 ,0,0
774,C0231247 ,0,1
776,C0423994 ,0,1
776,C0578994 ,0,0
777,C0425769 ,0,1
777,C2981158 ,0,0
778,C1262477 ,1,1
780,C2129214 ,0,1
781,C0030318 ,0,0
781,C0235146 ,0,1
783,C0558127 ,0,1
783,C0581879 ,0,0
784,C0085593 ,0,0
784,C0456820 ,0,1
785,C0085593 ,1,0
785,C0236000 ,0,1
786,C0566276 ,1,1
787,C0001973 ,0,0
787,C0423994 ,0,1
788,C0234019 ,0,1
788,C0557875 ,1,0
789,C0438696 ,1,0
789,C0455204 ,0,1
790,C0234022 ,0,1
790,C2981158 ,0,0
791,C0456820 ,0,1
791,C2981158 ,0,0
792,C0043094 ,1,1
793,C0000765 ,0,1
793,C0043094 ,1,0
795,C0234019 ,0,1
796,C0277960 ,0,0
796,C0423564 ,0,1
797,C0000765 ,0,0
797,C0035258 ,0,1
798,C0234019 ,0,1
799,C0231403,0,0
799,C0558077 ,0,1
801,C0455769 ,0,0
801,C0558127 ,0,1
802,C0234019 ,0,0
802,C0582140 ,0,1
803,C0085631 ,0,0
803,C0424000 ,0,1
804,C0012833 ,0,0
804,C3887605 ,0,1
805,C0497247 ,0,1
806,C0456820 ,0,1
806,C0581881 ,0,0
807,C0423994 ,0,1
807,C0581881 ,0,0
808,C0558127 ,0,1
808,C0581881 ,0,0
809,C0012833 ,0,0
809,C0583786 ,0,1
810,C0277960 ,0,0
810,C0314719 ,0,1
813,C1262477 ,1,1
817,C0000765 ,0,0
817,C0583786 ,0,1
818,C0000765 ,0,0
818,C0583786 ,0,1
820,C0424000 ,0,0
820,C0558127 ,0,1
821,C0028081 ,0,1
821,C0557875 ,0,0
822,C0234022 ,0,1
822,C0425769 ,1,0
823,C0234022 ,0,1
823,C0425769 ,1,0
824,C0000765 ,0,0
824,C0425082 ,0,1
825,C0000765 ,0,0
825,C1262477 ,0,1
826,C0018379 ,1,0
826,C0558127 ,0,1
827,C0563146 ,0,1
828,C0549622 ,0,0
828,C0563158 ,0,1
829,C0549622 ,0,1
832,C0425082 ,0,1
832,C0425101 ,0,0
833,C0232461 ,0,1
833,C1971624 ,0,0
835,C0423994 ,0,1
835,C0586742 ,0,0
839,C0423994 ,0,1
839,C0581879 ,0,0
842,C0037320 ,0,1
842,C0564408 ,1,0
843,C0564408 ,0,0
843,C0583786 ,0,1
844,C0241981 ,0,0
844,C3887605 ,0,1
850,C0000765 ,0,0
850,C0425082 ,0,1
851,C0043094 ,0,0
851,C0456820 ,0,1
852,C0456820 ,0,1
852,C0557875 ,0,0
854,C0549622 ,1,0
854,C0583786 ,0,1
857,C0393761 ,0,0
857,C0557875 ,0,1
858,C0558127 ,0,1
858,C1562291 ,0,0
859,C0392171 ,0,0
859,C0456820 ,0,1
860,C0000765 ,0,0
860,C4075722 ,0,1
861,C0021177 ,1,0
861,C2981158 ,0,1
862,C0151908 ,0,1
862,C0277960 ,1,0
863,C0231528 ,0,1
863,C0917801 ,0,0
864,C0524322 ,0,0
864,C0563158 ,0,1
865,C0000765 ,0,0
865,C0558127 ,0,1
866,C0043094 ,1,1
867,C0043094 ,1,1
868,C0314719 ,0,0
868,C0558127 ,0,1
871,C0000765 ,0,0
871,C1821572 ,0,1
872,C0581879 ,0,1
873,C0424565 ,0,0
873,C0558127 ,0,1
874,C0425101 ,0,0
874,C0558127 ,0,1
875,C0234019 ,0,0
875,C0582140 ,0,1
876,C0234019 ,0,1
876,C0423044,0,0
877,C0011124 ,1,1
878,C1262477 ,0,1
879,C0234019 ,0,1
879,C0424091 ,1,0
880,C0043094 ,0,0
880,C0456820 ,0,1
881,C0425769 ,0,1
882,C0085632 ,0,0
882,C0234238 ,0,1
883,C0012833 ,0,0
883,C0423994 ,0,1
884,C0085632 ,1,0
884,C1688635 ,0,1
886,C0344315 ,0,0
886,C0456820 ,0,1
887,C1262477 ,1,1
888,C0028084 ,0,0
888,C4074950 ,0,1
889,C0028084 ,0,0
889,C0037320 ,0,1
890,C0043094 ,1,1
891,C0000765 ,0,1
891,C0043094 ,1,0
893,C0006325 ,1,0
893,C0558077 ,0,1
895,C0085631 ,0,1
895,C0424573 ,0,0
896,C0021177 ,0,0
896,C0583786 ,0,1
897,C0000765 ,0,1
897,C0043094 ,1,0
898,C0043094 ,0,0
898,C0231247 ,0,1
899,C0043094 ,0,0
899,C0231247 ,0,1
900,C0917801 ,0,1
900,C2981158 ,1,0
902,C1443924 ,1,1
903,C0011991 ,1,0
903,C0425082 ,0,1
904,C0027497 ,0,0
904,C0042963 ,0,1
906,C0232461 ,0,1
906,C0578994 ,0,0
907,C0000765 ,0,0
907,C0423994 ,0,1
909,C0424000 ,0,0
909,C0558127 ,0,1
912,C0038990 ,1,0
912,C0701810,0,1
913,C0030318 ,1,1
914,C0549622 ,1,1
915,C0000765 ,0,0
915,C0423994 ,0,1
917,C0423994 ,0,1
918,C0035258 ,0,0
918,C1562291 ,0,1
919,C0036104 ,1,0
919,C0557875 ,0,1
923,C0000765 ,0,0
923,C0558127 ,0,1
924,C0000765 ,0,0
924,C1562291 ,0,1
925,C0549622 ,0,0
925,C1562291 ,0,1
926,C0578994 ,0,0
926,C0860645 ,0,1
928,C0233471 ,1,0
928,C0424565 ,0,1
929,C0558127 ,0,1
929,C0578994 ,0,0
930,C0011124 ,1,1
931,C0027497 ,0,0
931,C0042963 ,0,1
932,C0000765 ,0,0
932,C0425082 ,0,1
934,C0027497 ,0,0
934,C0042963 ,0,1
935,C0000765 ,0,0
935,C0016382 ,0,1
936,C0558127 ,0,1
936,C0586741 ,0,0
938,C0232462 ,0,0
938,C1821572 ,0,1
939,C0043094 ,0,0
939,C0563717 ,0,1
940,C0232937 ,0,0
940,C0583786 ,0,1
945,C0026603 ,0,0
945,C0558077 ,0,1
947,C0043094 ,0,0
947,C1562291 ,0,1
948,C0232462 ,0,0
948,C1262477 ,0,1
950,C0043094 ,0,0
950,C0582141 ,0,1
951,C0424565 ,0,0
951,C0542313 ,0,1
952,C0438696 ,0,0
952,C0522178 ,0,1
953,C0241705 ,0,1
953,C2129214 ,0,0
954,C0018681 ,1,1
956,C0231403,0,1
960,C0233471 ,0,0
960,C0456820 ,0,1
961,C0424573 ,0,0
961,C0542313 ,0,1
962,C0043094 ,1,1
963,C0558127 ,0,1
963,C0860645 ,0,0
964,C0425083 ,0,0
964,C0542313 ,0,1
965,C0241633 ,1,1
967,C0018681 ,1,1
968,C0857087 ,0,1
969,C0232461 ,0,1
969,C1971624 ,0,0
970,C2129214 ,1,1
971,C0151908 ,0,1
971,C0277960 ,0,0
973,C0456814 ,0,1
973,C1262477 ,0,0
975,C0000765 ,0,0
975,C2219848 ,0,1
977,C0584995 ,0,1
977,C4074950 ,0,0
978,C0030318 ,0,0
978,C0424000 ,0,1
979,C0549622 ,0,0
979,C1562291 ,0,1
980,C0011124 ,1,1
982,C1971624 ,1,1
983,C0424336 ,0,0
983,C0860645 ,0,1
984,C0424565 ,0,0
984,C0542313 ,0,1
986,C0036902 ,0,1
986,C0549622 ,0,0
987,C0425101 ,0,0
987,C0558127 ,0,1
988,C0424573 ,1,0
988,C0542313 ,0,1
989,C0000765 ,0,0
989,C0558127 ,0,1
990,C0085633 ,1,0
990,C0231403,0,1
991,C0234047 ,0,1
991,C0235969 ,0,0
993,C0024517 ,0,1
993,C0232937 ,0,0
994,C0393760 ,0,0
994,C0583786 ,0,1
995,C0027497 ,0,0
995,C0456820 ,0,1
996,C0549622 ,0,0
996,C3164199 ,0,1
997,C0027497 ,0,0
997,C0558127 ,0,1
998,C0233998 ,0,1
998,C4074950 ,0,0
1000,C0000765 ,0,0
1000,C0423994 ,0,1
1001,C0425082 ,0,1
1001,C2981158 ,0,0
1002,C0004936 ,0,0
1002,C1446377,0,1
1003,C0424573 ,1,1
1004,C0232124 ,0,0
1004,C0425082 ,0,1
1005,C0085631 ,0,1
1005,C0557875 ,0,0
1006,C0015726 ,0,0
1006,C0563158 ,0,1
1008,C0000765 ,0,0
1008,C0424537 ,0,1
1010,C0043094 ,1,1
1011,C0013473 ,0,0
1011,C0020505 ,0,1
1013,C0038990 ,0,0
1013,C0234655 ,0,1
1014,C0233408 ,0,1
1014,C0233471 ,0,0
1015,C0549622 ,0,1
1016,C0581879 ,0,1
1016,C0917801 ,1,0
1017,C0043094 ,1,1
1018,C0000765 ,0,0
1018,C0542313 ,0,1
1020,C0085631 ,0,0
1020,C0425769 ,0,1
1021,C0038990 ,1,0
1021,C0151908 ,0,1
1022,C0277960 ,0,0
1022,C0314719 ,0,1
1025,C0043094 ,1,0
1025,C0456820 ,0,1
1026,C0000765 ,0,0
1026,C0563717 ,0,1
1027,C0235146 ,0,1
1027,C0424000 ,0,0
1028,C0085631 ,0,1
1028,C0424573 ,1,0
1029,C0455769 ,1,0
1029,C0542313 ,0,1
1033,C0586746 ,0,1
1033,C1971624 ,1,0
1035,C0423044,0,1
1037,C0558127 ,0,1
1037,C0581879 ,0,0
1040,C0583786 ,0,1
1040,C2129214 ,0,0
1041,C0239833 ,0,0
1041,C0425082 ,0,1
1043,C0701810,0,1
1045,C0000765 ,0,0
1045,C1562291 ,0,1
1046,C0018834 ,0,0
1046,C0423994 ,0,1
1047,C0423994 ,0,1
1047,C0581879 ,0,0
1048,C0578994 ,1,1
1049,C0575805 ,1,1
1052,C0424000 ,0,0
1052,C0583786 ,0,1
1054,C0344375 ,1,1
1055,C0012833 ,0,1
1055,C0344232 ,0,0
1057,C0000765 ,0,0
1057,C0578673 ,0,1
1058,C0564216 ,0,0
1058,C1562291 ,0,1
1059,C0566276 ,0,1
1061,C0037320 ,0,1
1061,C0038990 ,0,0
1062,C0558127 ,0,1
1062,C0581879 ,0,0
1063,C0000765 ,0,0
1063,C0423994 ,0,1
1064,C0038661 ,0,0
1064,C0583786 ,0,1
1067,C0581394 ,0,1
1068,C0413862 ,0,1
1068,C1527304 ,1,0
1072,C0042963 ,0,1
1072,C0392674 ,1,0
1073,C0000765 ,0,0
1073,C0016382 ,0,1
1075,C0000765 ,0,0
1075,C0423994 ,0,1
1076,C0558127 ,0,1
1076,C0581879 ,0,0
1077,C0583786 ,0,1
1078,C0011991 ,0,0
1078,C0042963 ,0,1
1079,C1262477 ,0,1
1080,C0027497 ,0,0
1080,C0235309 ,0,1
1081,C0038990 ,0,0
1081,C0557878 ,0,1
1082,C0233471 ,0,0
1082,C0233479 ,0,1
1085,C0423994 ,0,1
1085,C0425766 ,0,0
1086,C0085632 ,0,0
1086,C4074950 ,0,1
1087,C0000765 ,0,0
1087,C0558127 ,0,1
1088,C0002957 ,1,0
1088,C0231403,0,1
1090,C0000765 ,0,0
1090,C2364087 ,0,1
1093,C0423994 ,0,1
1093,C0578994 ,0,0
1095,C0000765 ,0,0
1095,C0582093 ,0,1
1096,C0000765 ,0,0
1096,C0583786 ,0,1
1097,C0002170 ,1,0
1097,C0586746 ,0,1
1098,C0018681 ,0,0
1098,C0042023 ,0,1
1099,C0013473 ,0,0
1099,C0583786 ,0,1
1100,C0006325 ,0,0
1100,C0558077 ,0,1
1101,C0028084 ,1,0
1101,C0917801 ,0,1
1102,C0028084 ,0,0
1102,C0558127 ,0,1
1103,C0028084 ,1,0
1103,C0542313 ,0,1
1104,C0557875 ,1,1
1106,C0456820 ,0,1
1106,C1971624 ,1,0
1107,C0178417 ,0,1
1107,C0425769 ,0,0
1109,C0232197 ,1,0
1109,C0235239 ,0,1
1110,C0000765 ,0,0
1110,C0558077 ,0,1
1111,C0233488 ,1,1
1112,C0030193 ,0,1
1115,C0000765 ,0,0
1115,C0423994 ,0,1
1116,C0038506 ,0,0
1116,C0425082 ,0,1
1119,C0000765 ,0,0
1119,C0413862 ,0,1
1120,C0038661 ,1,0
1120,C0423994 ,0,1
1121,C0424565 ,1,0
1121,C0542313 ,0,1
1122,C0024517 ,0,0
1122,C0424336 ,0,1
1123,C0012833 ,0,1
1123,C0235283 ,0,0
1124,C0558127 ,0,1
1124,C0581879 ,0,0
1125,C0000765 ,0,0
1125,C0558077 ,0,1
1126,C0423994 ,0,1
1126,C0581881 ,0,0
1130,C0000765 ,0,0
1130,C0423994 ,0,1
1131,C0424565 ,0,0
1131,C0578994 ,0,1
1132,C0425082 ,0,1
1132,C0583786 ,0,0
1133,C0000765 ,0,0
1133,C0018616 ,0,1
1135,C0424565 ,1,1
1136,C0423994 ,0,1
1136,C0558185 ,1,0
1137,C0424573 ,1,0
1137,C4075722 ,0,1
1138,C0000765 ,0,0
1138,C0231247 ,0,1
1139,C0000765 ,0,0
1139,C0566276 ,0,1
1140,C0423994 ,0,1
1140,C0424565 ,0,0
1142,C0558127 ,0,1
1142,C0581879 ,0,0
1144,C0424565 ,0,0
1144,C0583786 ,0,1
1145,C0017168 ,0,0
1145,C0425082 ,0,1
1146,C0038506 ,0,0
1146,C0423994 ,0,1
1147,C0000765 ,0,0
1147,C0424112 ,0,1
1148,C0241254 ,0,0
1148,C0558077 ,0,1
1149,C0233408 ,0,0
1149,C0423994 ,0,1
1150,C0344232 ,1,0
1150,C0558171 ,0,1
1155,C0233408 ,0,0
1155,C0583786 ,0,1
1156,C0041755 ,0,0
1156,C0425082 ,0,1
1158,C0086769 ,0,0
1158,C0558077 ,0,1
1160,C0038990 ,0,0
1160,C0917801 ,0,1
1162,C0036104 ,0,0
1162,C0423994 ,0,1
1165,C0017168 ,1,0
1165,C0232461 ,0,1
1166,C0000765 ,0,0
1166,C0341117 ,0,1
1167,C0010200 ,0,0
1167,C0583786 ,0,1
1168,C0235239 ,0,1
1169,C0581879 ,0,0
1169,C0583786 ,0,1
1171,C0043094 ,0,0
1171,C0456820 ,0,1
1175,C0019080 ,0,0
1175,C0856672 ,0,1
1177,C0041755 ,0,0
1177,C3164199 ,0,1
1180,C0583786 ,0,1
1180,C0677661 ,0,0
1182,C0000765 ,0,0
1182,C0016382 ,0,1
1184,C0027497 ,0,0
1184,C0558127 ,0,1
1187,C0024031 ,0,1
1187,C0232461 ,0,0
1188,C0000765 ,0,0
1188,C0563168 ,0,1
1189,C0000765 ,0,0
1189,C0558127 ,0,1
1192,C0000765 ,0,0
1192,C0424091 ,0,1
1193,C0000765 ,0,0
1193,C0578673 ,0,1
1194,C0028643 ,0,0
1194,C0558127 ,0,1
1195,C0557875 ,1,1
1197,C0425082 ,0,1
1197,C0560617 ,0,0
1199,C0038990 ,1,1
1200,C0013144 ,0,0
1200,C0456820 ,0,1
1201,C0239067 ,0,0
1201,C0560085 ,0,1
1205,C0455769 ,0,1
1206,C0037320 ,0,1
1206,C0424565 ,1,0
1208,C0018616 ,0,1
1208,C0563717 ,0,0
1209,C0027497 ,1,1
1210,C0027497 ,1,1
1211,C0042023 ,0,1
1211,C0439814 ,0,0
1212,C0311394 ,0,1
1214,C0002957 ,1,0
1214,C0424329 ,0,1
1215,C0000765 ,0,0
1215,C0558127 ,0,1
1216,C0000765 ,0,0
1216,C0582141 ,0,1
1217,C0012833 ,0,1
1217,C0149931 ,0,0
1218,C0149931 ,1,0
1218,C0583786 ,0,1
1219,C0000765 ,0,0
1219,C0423994 ,0,1
1220,C0231218,0,0
1220,C0583786 ,0,1
1222,C0701811 ,0,0
1222,C1562291 ,0,1
1223,C0000765 ,0,0
1223,C0423994 ,0,1
1224,C0917801 ,1,1
1225,C0038663 ,1,1
1226,C0438696 ,1,0
1226,C0563158 ,0,1
1227,C0085633 ,1,0
1227,C0423636 ,0,1
1229,C0003862 ,1,0
1229,C0558127 ,0,1
1230,C0003862 ,1,0
1230,C0456820 ,0,1
1232,C0424158 ,0,0
1232,C0456820 ,0,1
1233,C0424158 ,0,1
1233,C0563717 ,1,0
1234,C0424323 ,0,0
1234,C0558127 ,0,1
1235,C0000765 ,0,0
1235,C0578673 ,0,1
1236,C0024517 ,0,0
1236,C0558127 ,0,1
1237,C0392674 ,0,0
1237,C0424000 ,0,1
1238,C0424565 ,0,0
1238,C0583786 ,0,1
1240,C0423994 ,0,1
1240,C0425766 ,0,0
1241,C0000765 ,0,0
1241,C0542313 ,0,1
1242,C0232461 ,0,0
1242,C0563158 ,0,1
1243,C0558127 ,0,1
1243,C0558185 ,0,0
1245,C0000765 ,0,0
1245,C0231247 ,0,1
1246,C0043094 ,0,0
1246,C0456820 ,0,1
1247,C0581879 ,1,1
1249,C0027497 ,0,0
1249,C4075722 ,0,1
1251,C0425736 ,0,1
1252,C0583786 ,0,1
1253,C0231247 ,0,1
1253,C0424000 ,0,0
1254,C0038661 ,1,0
1254,C0424000 ,0,1
1255,C0038661 ,1,0
1255,C0424000 ,0,1
1256,C0231247 ,0,1
1257,C0235146 ,0,1
1257,C0558078 ,1,0
1259,C0557875 ,0,0
1259,C0558077 ,0,1
1260,C1971624,0,1
1260,C1971624 ,1,0
1262,C0393761 ,0,0
1262,C0558077 ,0,1
1263,C0234019 ,0,1
1266,C0456820 ,0,1
1266,C0558077 ,0,0
1267,C0000765 ,0,0
1267,C0583786 ,0,1
1268,C0586741 ,0,1
1269,C0000765 ,0,0
1269,C0558127 ,0,1
1272,C0233408 ,0,1
1272,C0557875 ,0,0
1273,C0043094 ,0,0
1273,C0456820 ,0,1
1274,C0002957 ,0,1
1274,C0233471 ,0,0
1275,C0018379 ,0,1
1275,C0424000 ,0,0
1276,C0000765 ,0,1
1276,C0043094 ,0,0
1277,C0085602,0,1
1277,C0241981 ,0,0
1278,C0011057 ,1,1
1279,C0423994 ,0,1
1279,C0425083 ,1,0
1280,C0016382 ,0,1
1280,C0024421 ,0,0
1281,C0233484 ,1,1
1284,C0542313 ,0,1
1284,C0557875 ,1,0
1285,C0013144 ,1,1
1287,C0000765 ,0,0
1287,C0917801 ,0,1
1290,C0860645 ,0,1
1291,C0522172 ,0,1
1291,C0557875 ,0,0
1292,C0005911 ,0,0
1292,C0700590 ,0,1
1293,C0000765 ,0,0
1293,C0701810,0,1
1294,C0425082 ,0,1
1294,C0425101 ,0,0
1295,C0024517 ,0,0
1295,C0563158 ,0,1
1296,C1262477 ,1,1
1298,C0558219 ,0,0
1298,C0563158 ,0,1
1300,C0558127 ,0,1
1300,C0857087 ,0,0
1301,C0000765 ,0,0
1301,C0582093 ,0,1
1302,C0558127 ,0,1
1302,C0857087 ,0,0
1303,C0558127 ,0,1
1303,C0857087 ,0,0
1304,C0000765 ,0,0
1304,C0582093 ,0,1
1306,C0000765 ,0,0
1306,C0583786 ,0,1
1307,C0004604 ,0,1
1307,C0030193 ,0,0
1308,C0027497 ,1,1
1309,C0037320 ,0,1
1309,C0043387 ,0,0
1310,C0000765 ,0,0
1310,C0563158 ,0,1
1311,C0000765 ,0,0
1311,C0423994 ,0,1
1313,C0233408 ,0,1
1314,C0037320 ,0,1
1314,C0424573 ,0,0
1316,C1971624,0,1
1316,C1971624 ,1,0
1317,C0011124 ,0,1
1317,C0232462 ,1,0
1318,C0424565 ,1,0
1318,C0542313 ,0,1
1319,C0235160 ,1,0
1319,C4075722 ,0,1
1322,C0002957 ,0,1
1322,C0233484 ,1,0
1324,C0581879 ,0,0
1324,C1688635 ,0,1
1325,C0425766 ,0,1
1325,C0425769 ,0,0
1327,C0000765 ,1,1
1329,C0000765 ,0,0
1329,C0558127 ,0,1
1330,C0002957 ,0,0
1330,C0018616 ,0,1
1334,C0000765 ,0,0
1334,C0564408 ,0,1
1335,C0425082 ,0,1
1335,C0425101 ,0,0
1336,C0000765 ,0,0
1336,C4275267 ,0,1
1338,C0000765 ,0,0
1338,C0425082 ,0,1
1340,C0000765 ,0,0
1340,C0425082 ,0,1
1341,C0043094 ,0,0
1341,C0456820 ,0,1
1343,C0000765 ,0,0
1343,C0235283 ,0,1
1345,C0024031 ,0,1
1345,C0030193 ,0,0
1346,C0438697 ,1,0
1346,C1298942 ,0,1
1347,C0017187 ,0,1
1349,C0011124 ,1,0
1349,C0232462 ,0,1
1350,C1562291 ,0,1
1350,C1821572 ,0,0
1351,C0038990 ,1,1
1353,C0857087 ,1,1
1354,C0150079 ,0,1
1355,C0338656 ,0,0
1355,C1562291 ,0,1
1358,C0037195 ,0,0
1358,C0583786 ,0,1
1363,C0242350 ,0,0
1363,C0456820 ,0,1
1364,C0000765 ,0,1
1364,C0043094 ,0,0
1365,C0002957 ,0,1
1365,C0233484 ,0,0
1366,C0558185 ,1,0
1366,C2981158 ,0,1
1367,C0583786 ,0,1
1368,C0000765 ,0,0
1368,C0231247 ,0,1
1369,C0423994 ,0,1
1369,C0578994 ,0,0
1370,C0027497 ,0,0
1370,C0232461 ,0,1
1373,C0563717 ,0,1
1373,C0596170 ,0,0
1374,C0028643 ,0,0
1374,C0456820 ,0,1
1376,C0030252 ,1,0
1376,C0235239 ,0,1
1378,C0036104 ,0,0
1378,C1562291 ,0,1
1379,C1971624,0,1
1379,C1971624 ,1,0
1380,C0000765 ,0,0
1380,C0425082 ,0,1
1381,C0586746 ,0,1
1381,C1262477 ,1,0
1383,C0234019 ,0,0
1383,C0558127 ,0,1
1384,C0043094 ,0,0
1384,C0456820 ,0,1
1387,C0000765 ,0,0
1387,C0522365 ,0,1
1389,C0235146 ,0,1
1389,C0497247 ,0,0
1391,C0028643 ,0,0
1391,C0234238 ,0,1
1392,C0000765 ,0,0
1392,C0583786 ,0,1
1395,C0232461 ,0,1
1395,C0497406 ,0,0
1396,C0000765 ,0,0
1396,C0583786 ,0,1
1397,C0028084 ,0,0
1397,C0037320 ,0,1
1400,C0024517 ,0,1
1401,C0000765 ,0,0
1401,C0231247 ,0,1
1402,C0497406 ,1,1
1403,C0000765 ,0,0
1403,C2364087 ,0,1
1404,C0000765 ,0,0
1404,C0413862 ,0,1
1405,C0424573 ,1,1
1408,C0456820 ,0,1
1408,C0578026 ,0,0
1409,C0578026 ,0,1
1409,C1262477 ,0,0
1411,C0000765 ,0,0
1411,C0558127 ,0,1
1412,C0558127 ,0,1
1412,C0860645 ,0,0
1414,C0234655 ,0,1
1414,C0581394 ,0,0
1415,C0234655 ,0,1
1415,C0581394 ,0,0
1416,C0150079 ,0,1
1416,C0424565 ,1,0
1420,C1971624 ,1,1
1421,C0424565 ,0,0
1421,C0456820 ,0,1
1422,C0036104 ,0,0
1422,C0232461 ,0,1
1423,C0423994 ,0,1
1423,C0424565 ,0,0
1424,C0233408 ,0,0
1424,C0583786 ,0,1
1425,C0000765 ,0,0
1425,C0583786 ,0,1
1426,C0554978 ,0,1
1426,C0860645 ,1,0
1427,C0233471 ,0,0
1427,C0233484 ,0,1
1428,C0037320 ,0,1
1428,C0558078 ,0,0
1429,C0240327  ,0,0
1429,C0423564 ,0,1
1430,C0000765 ,0,0
1430,C0424432 ,0,1
1432,C0000765 ,1,0
1432,C0700590 ,0,1
1434,C0002170 ,0,0
1434,C0425082 ,0,1
1435,C0037320 ,0,1
1435,C0583786 ,0,0
1436,C0235146 ,0,1
1436,C0392674 ,0,0
1440,C0558077 ,0,1
1442,C0000765 ,0,0
1442,C0583786 ,0,1
1444,C0424565 ,0,0
1444,C0583786 ,0,1
1446,C0000765 ,0,0
1446,C0393760 ,0,1
1447,C0000765 ,0,0
1447,C0423994 ,0,1
1448,C0423994 ,0,1
1448,C0563158 ,0,0
1449,C0042571 ,1,0
1449,C0042963 ,0,1
1450,C0233471 ,1,0
1450,C0456820 ,0,1
1453,C0151908 ,0,1
1453,C0277960 ,0,0
1456,C0701810,0,1
1460,C0003862 ,0,0
1460,C0221785 ,0,1
1461,C0003862 ,0,0
1461,C0221785 ,0,1
1462,C0456820 ,0,1
1462,C1262477 ,0,0
1467,C0027497 ,0,1
1468,C0037320 ,0,1
1468,C0424573 ,0,0
1469,C0000765 ,0,0
1469,C0456820 ,0,1
1470,C0557875 ,1,1
1471,C0239882 ,0,1
1471,C0581881 ,1,0
1476,C0000765 ,0,0
1476,C0522172 ,0,1
1478,C0000765 ,0,0
1478,C1562291 ,0,1
1479,C0456820 ,0,1
1479,C0701810,0,0
1480,C0002170 ,1,0
1480,C1262477 ,0,1
1481,C0000765 ,0,0
1481,C0582140 ,0,1
1482,C0000765 ,0,0
1482,C1562291 ,0,1
1484,C0277960 ,0,0
1484,C0423564 ,0,1
1485,C0000765 ,0,0
1485,C0413862 ,0,1
1486,C0027497 ,0,0
1486,C0578994 ,0,1
1487,C0043387 ,1,0
1487,C0558077 ,0,1
1488,C0016382 ,0,1
1488,C0033774 ,1,0
1489,C0860645 ,0,1
1491,C0011991 ,0,0
1491,C0577027 ,0,1
1492,C0424939 ,0,0
1492,C0563717 ,0,1
1494,C0000765 ,0,0
1494,C0235283 ,0,1
1495,C0015967 ,1,0
1495,C0028081 ,0,1
1497,C0085593 ,0,0
1497,C0558127 ,0,1
1498,C0011124 ,1,1
1500,C0030252 ,1,0
1500,C0235239 ,0,1
1502,C0030193 ,0,0
1502,C0583786 ,0,1
1503,C0558127 ,0,1
1503,C0581879 ,0,0
1504,C1262477 ,1,1
1505,C0558127 ,0,1
1505,C0578994 ,0,0
1506,C0000765 ,0,1
1506,C0043094 ,1,0
1507,C0424573 ,0,0
1507,C0583786 ,0,1
1508,C1971624 ,1,1
1509,C0041755 ,0,1
1509,C0393760 ,0,0
1510,C0393760 ,0,0
1510,C0558127 ,0,1
1511,C0232462 ,0,1
1519,C0015967 ,0,0
1519,C0563717 ,0,1
1520,C0235160 ,1,1
1521,C0557875 ,1,1
1524,C0232487 ,0,0
1524,C0694551 ,0,1
1525,C0024517 ,0,1
1525,C0043387 ,0,0
1526,C0231247 ,0,1
1526,C1262477 ,0,0
1527,C0000765 ,0,1
1527,C1971624 ,0,0
1528,C0232461 ,0,1
1528,C0232462 ,1,0
1529,C0027497 ,1,1
1530,C0456820 ,0,1
1530,C0584995 ,0,0
1531,C0232461 ,0,1
1531,C0850674 ,0,0
1532,C0000765 ,0,0
1532,C0425082 ,0,1
1533,C0277960 ,0,0
1533,C0578994 ,0,1
1535,C0042571 ,0,0
1535,C0558127 ,0,1
1540,C0028084 ,0,1
1540,C0233763 ,1,0
1541,C0278209 ,0,0
1541,C0558127 ,0,1
1543,C0425101 ,0,0
1543,C0554978 ,0,1
1544,C0231403,0,0
1544,C0542313 ,0,1
1546,C0424565 ,0,0
1546,C0542313 ,0,1
1547,C0020505 ,0,1
1547,C0438697 ,0,0
1548,C0011860 ,0,0
1548,C0424099 ,0,1
1550,C0578026 ,0,0
1550,C1688635 ,0,1
1552,C0027497 ,1,1
1556,C1262477 ,1,0
1556,C1971624 ,0,1
1559,C0085632 ,1,0
1559,C0558127 ,0,1
1560,C0000765 ,0,1
1561,C0700590 ,0,1
1561,C0702166 ,0,0
1566,C0424565 ,0,0
1566,C0558077 ,0,1
1568,C0235108 ,0,0
1568,C0849963 ,0,1
1569,C0542313 ,0,1
1569,C4074950 ,0,0
1570,C0578026 ,0,1
1571,C0032227 ,1,1
1572,C0178417 ,0,0
1572,C3887605 ,0,1
1575,C0456820 ,0,1
1575,C0581879 ,0,0
1576,C0043094 ,1,1
1577,C0027497 ,1,0
1577,C0581879 ,0,1
1580,C0027497 ,0,0
1580,C0583786 ,0,1
1581,C0037320 ,0,1
1581,C0566582 ,0,0
1582,C0424565 ,0,0
1582,C0542313 ,0,1
1583,C0000765 ,0,0
1583,C0583786 ,0,1
1584,C0027497 ,1,1
1585,C0013473 ,0,0
1585,C0231247 ,0,1
1587,C0000765 ,0,0
1587,C0583786 ,0,1
1588,C0027497 ,0,0
1588,C1971624,0,1
1589,C0018681 ,1,1
1590,C0233998 ,0,1
1590,C4074950 ,0,0
1591,C0151908 ,0,1
1591,C0277960 ,0,0
1592,C0013473 ,0,0
1592,C1688635 ,0,1
1593,C0004604 ,0,1
1593,C0018681 ,1,0
1594,C0558077 ,0,1
1594,C1262477 ,0,0
1595,C0000765 ,0,1
1595,C0393760 ,1,0
1598,C0151908 ,0,1
1598,C0277960 ,0,0
1602,C0016204 ,1,0
1602,C0278016,0,1
1603,C0392674 ,1,0
1603,C0456820 ,0,1
1606,C0557875 ,0,0
1606,C0558127 ,0,1
1607,C0557875 ,1,1
1608,C0000765 ,0,1
1608,C0043094 ,1,0
1610,C0233998 ,0,1
1610,C0425101 ,0,0
1611,C0033893 ,0,1
1611,C0233494 ,1,0
1612,C0000765 ,0,0
1612,C1827663 ,0,1
1613,C0027497 ,0,1
1613,C0234369 ,1,0
1614,C0151908 ,0,1
1614,C0277960 ,1,0
1615,C0000765 ,0,0
1615,C2364087 ,0,1
1616,C1262477 ,1,1
1619,C0239511 ,0,0
1619,C0278140 ,0,1
1620,C1262477 ,0,1
1620,C1971624 ,1,0
1621,C0233408 ,0,0
1621,C0423994 ,0,1
1622,C0424573 ,1,0
1622,C4075722 ,0,1
1623,C0277960 ,0,0
1623,C0314719 ,0,1
1624,C0232462 ,0,1
1624,C1971624 ,0,0
1625,C0016382 ,0,1
1625,C0393760 ,0,0
1626,C0085631 ,0,1
1626,C0424573 ,1,0
1627,C0041755 ,0,0
1627,C0235283 ,0,1
1628,C0239377 ,1,0
1628,C0564820 ,0,1
1629,C0000765 ,0,0
1629,C0558077 ,0,1
1631,C0027497 ,1,1
1633,C0150079 ,0,1
1633,C0424565 ,0,0
1634,C0042963 ,0,1
1634,C0392674 ,0,0
1635,C0000765 ,0,0
1635,C0424336 ,0,1
1637,C0150079 ,1,1
1639,C0424565 ,1,0
1639,C0542313 ,0,1
1641,C0012833 ,1,0
1641,C0027497 ,0,1
1642,C0917801 ,1,1
1643,C0006325 ,1,1
1645,C0000765 ,0,0
1645,C0028081 ,0,1
1646,C0234238 ,0,1
1646,C1971624 ,0,0
1647,C0231247 ,0,1
1648,C0018616 ,0,1
1648,C0917801 ,0,0
1649,C0235969 ,1,0
1649,C0860645 ,0,1
1650,C0234047 ,0,1
1650,C0235969 ,0,0
1651,C0558127 ,0,1
1651,C0860645 ,0,0
1652,C0235160 ,1,1
1653,C0011124 ,1,0
1653,C0232461 ,0,1
1654,C0314719 ,1,1
1655,C0013144 ,0,0
1655,C0566276 ,0,1
1656,C0314719 ,1,1
1657,C0583786 ,0,1
1657,C0849963 ,0,0
1658,C0043094 ,1,1
1660,C0043094 ,0,0
1660,C0231247 ,0,1
1661,C0231218,0,0
1661,C0583786 ,0,1
1662,C0231247 ,0,1
1662,C1262477 ,0,0
1664,C0000765 ,0,0
1664,C0392156 ,0,1
1667,C0085631 ,0,1
1667,C0424573 ,1,0
1668,C0000765 ,0,1
1668,C0043094 ,0,0
1670,C0013378 ,0,0
1670,C0558127 ,0,1
1671,C0037317 ,0,0
1671,C0425082 ,0,1
1673,C0085633 ,1,1
1674,C0344232 ,0,0
1674,C3887605 ,0,1
1677,C0232124 ,0,1
1680,C0522179 ,1,1
1681,C0150041 ,0,0
1681,C0563158 ,0,1
1682,C0011860 ,0,0
1682,C0497247 ,0,1
1683,C0239833 ,0,0
1683,C0423994 ,0,1
1684,C0002871 ,1,0
1684,C0583786 ,0,1
1685,C0000765 ,0,0
1685,C2364087 ,0,1
1687,C0000765 ,0,0
1687,C0563158 ,0,1
1688,C0233408 ,0,0
1688,C0558127 ,0,1
1689,C0557875 ,0,1
1690,C0031212 ,0,0
1690,C0456820 ,0,1
1691,C0000765 ,0,0
1691,C0423994 ,0,1
1692,C0438696 ,0,0
1692,C0563158 ,0,1
1693,C0000737 ,1,0
1693,C0012833 ,0,1
1694,C0240941 ,0,0
1694,C0558127 ,0,1
1695,C0000765 ,0,0
1695,C0563168 ,0,1
1696,C0233408 ,0,0
1696,C0542313 ,0,1
1697,C0028084 ,0,0
1697,C0557878 ,0,1
1698,C0000765 ,0,1
1698,C0043094 ,1,0
1702,C0558127 ,0,1
1702,C0850674 ,0,0
1703,C0233998 ,0,1
1703,C2981158 ,1,0
1704,C0000737 ,0,0
1704,C0456820 ,0,1
1706,C0028643 ,0,0
1706,C0234238 ,0,1
1708,C0011860 ,0,0
1708,C4075722 ,0,1
1709,C0234047 ,0,0
1709,C0558077 ,0,1
1710,C0000765 ,0,0
1710,C0423994 ,0,1
1711,C0424092 ,0,0
1711,C0558127 ,0,1
1712,C0000765 ,0,0
1712,C0558127 ,0,1
1713,C0438696 ,1,1
1714,C0232461 ,0,0
1714,c0037317,0,1
1716,C0232461 ,1,0
1716,C0700590 ,0,1
1718,C0000765 ,0,0
1718,C1562291 ,0,1
1719,C0425101 ,0,0
1719,C0555026 ,0,1
1721,C0425769 ,0,1
1723,C0033771 ,0,1
1723,C0240941 ,0,0
1725,C0038990 ,0,0
1725,C0235239 ,0,1
1726,C0000765 ,0,1
1726,C0232461 ,1,0
1727,C0005911 ,0,1
1727,C0578026 ,0,0
1729,C0004096 ,0,0
1729,C0234238 ,0,1
1732,C0232461 ,0,0
1732,C0233479 ,0,1
1733,C0038661 ,0,0
1733,C0582141 ,0,1
1734,C0000765 ,0,0
1734,C0038663 ,0,1
1735,C0277960 ,0,0
1735,C0456820 ,0,1
1736,C0438696 ,0,0
1736,C0456820 ,0,1
1737,C0000765 ,0,0
1737,C0860645 ,0,1
1739,C0871189 ,0,1
1740,C0456820 ,0,1
1740,C2981158 ,0,0
1741,C0085633 ,1,0
1741,C0233730 ,0,1
1742,C0002957 ,1,0
1742,C0558127 ,0,1
1743,C0085631 ,1,0
1743,C3887611 ,0,1
1745,C0425082 ,0,1
1745,C0425101 ,0,0
1746,C0043094 ,0,0
1746,C0583786 ,0,1
1747,C0043094 ,0,0
1747,C0456820 ,0,1
1748,C0028084 ,0,0
1748,C0558127 ,0,1
1749,C0041755 ,1,0
1749,C0563158 ,0,1
1751,C0423994 ,0,1
1751,C0581879 ,0,0
1754,C0231247 ,0,1
1754,C1262477 ,0,0
1755,C0236858 ,0,0
1755,C0524322 ,0,1
1756,C0234655 ,0,1
1756,C0424444 ,0,0
1757,C0563158 ,0,1
1757,C0581881 ,0,0
1758,C0000765 ,0,1
1758,C0043094 ,1,0
1759,C0085633 ,0,0
1759,C0558127 ,0,1
1760,C0438696 ,0,0
1760,C0522178 ,0,1
1762,C0000765 ,0,0
1762,C0563168 ,0,1
1763,C0000765 ,0,1
1763,C0020676 ,1,0
1764,C0000765 ,0,0
1764,C0456820 ,0,1
1765,C0042963 ,1,1
1766,C0000765 ,0,1
1766,C0043094 ,1,0
1768,C0423994 ,0,1
1768,C0581879 ,0,0
1769,C0438696 ,1,1
1770,C0424323 ,0,0
1770,C0425769 ,0,1
1774,C0231218,0,0
1774,C0423994 ,0,1
1775,C0000765 ,0,0
1775,C0424366 ,0,1
1776,C0236858 ,0,0
1776,C0456820 ,0,1
1778,C0392674 ,1,0
1778,C0456820 ,0,1
1781,C0013473 ,0,0
1781,C0231247 ,0,1
1783,C0042571 ,0,0
1783,C0558127 ,0,1
1785,C0557875 ,1,0
1785,C4075722 ,0,1
1786,C0000765 ,0,0
1786,C0542313 ,0,1
1787,C0234019 ,0,1
1788,C0085633 ,0,0
1788,C0558127 ,0,1
1789,C0002170 ,0,0
1789,C0583786 ,0,1
1796,C0392674 ,0,0
1796,C0558127 ,0,1
1797,C0558219 ,0,0
1797,C1562291 ,0,1
1798,C0231247 ,0,1
1798,C0497406 ,1,0
1799,C0036902 ,0,1
1799,C0549622 ,0,0
1801,C0027497 ,0,0
1801,C0583786 ,0,1
1802,C0423994 ,0,1
1802,C0581879 ,0,0
1803,C0000765 ,0,1
1803,C0011124 ,1,0
1805,C0344375 ,0,1
1806,C0085631 ,1,0
1806,C0231403 ,0,1
1807,C0241934 ,0,0
1807,C0583786 ,0,1
1808,C0000765 ,0,1
1808,C0043094 ,1,0
1810,C0013473 ,0,0
1810,C1688635 ,0,1
1811,C0038990 ,1,1
1812,C1262477 ,1,1
1813,C0011991 ,1,0
1813,C0849963 ,0,1
1814,C0344315 ,0,1
1823,C0344232 ,0,0
1823,C0583786 ,0,1
1824,C0085631 ,0,1
1824,C0344315 ,0,0
1825,C0041755 ,0,0
1825,C1821572 ,0,1
1826,C0344232 ,0,0
1826,C0558127 ,0,1
1829,C0016770 ,0,0
1829,C0423994 ,0,1
1830,C0233471 ,0,0
1830,C0542313 ,0,1
1831,C0233408 ,0,1
1833,C0000765 ,0,0
1833,C0456820 ,0,1
1834,C0231247 ,0,1
1835,C0150079 ,0,1
1835,C0232461 ,0,0
1836,C0000765 ,0,0
1836,C0413862 ,0,1
1837,C0558127 ,0,1
1837,C0857087 ,0,0
1839,C0234047 ,0,0
1839,C0558127 ,0,1
1842,C0028084 ,0,0
1842,C0037320 ,0,1
1843,C0085633 ,1,0
1843,C0234238 ,0,1
1844,C0233794 ,0,0
1844,C0557932 ,0,1
1846,C0232461 ,0,0
1846,C0393760 ,0,1
1847,C0424323 ,0,0
1847,C0456820 ,0,1
1851,C0016382 ,0,1
1851,C0239511 ,0,0
1854,C0021177 ,0,1
1855,C0233408 ,0,1
1856,C0000765 ,0,0
1856,C0231247 ,0,1
1858,C0036104 ,1,0
1858,C0563717 ,0,1
1860,C0037320 ,0,1
1860,C0424444 ,1,0
1861,C0558127 ,0,1
1861,C0701812 ,0,0
1863,C0424158 ,0,1
1863,C0438697 ,0,0
1865,C0917801 ,1,1
1866,C0038990 ,0,0
1866,C0558127 ,0,1
1868,C0000765 ,0,0
1868,C1262477 ,0,1
1871,C0860645 ,0,1
1873,C0043094 ,0,0
1873,C0456820 ,0,1
1875,C0231247 ,0,1
1876,C0344315 ,0,1
1876,C0557875 ,1,0
1880,C0425769 ,0,0
1880,C1821572 ,0,1
1881,C0085632 ,0,0
1881,C4074950 ,0,1
1882,C0424939 ,0,0
1882,C0456820 ,0,1
1883,C0344375 ,0,0
1883,C4074950 ,0,1
1884,C0043387 ,0,0
1884,C4074950 ,0,1
1885,C0424573 ,0,0
1885,C0425082 ,0,1
1886,C0860645 ,0,0
1886,C1562291 ,0,1
1887,C0234238 ,0,0
1887,C0558077 ,0,1
1888,C0557875 ,0,0
1888,C0558077 ,0,1
1889,C0277960 ,0,0
1889,C0423564 ,0,1
1890,C0456820 ,0,1
1890,C1262477 ,0,0
1892,C0000765 ,0,0
1892,C0425082 ,0,1
1893,C0000765 ,0,0
1893,C0456820 ,0,1
1894,C0424432 ,0,1
1894,C0860645 ,0,0
1897,C0000765 ,0,0
1897,C0578994 ,0,1
1898,C0344315 ,0,0
1898,C0423994 ,0,1
1900,C0234019 ,0,0
1900,C0582140 ,0,1
1901,C0000765 ,0,1
1901,C0549622 ,1,0
1902,C0497406 ,0,0
1902,C1562291 ,0,1
1903,C0000765 ,0,0
1903,C1562291 ,0,1
1904,C0423994 ,0,1
1904,C0578994 ,0,0
1905,C0018681 ,0,0
1905,C0583786 ,0,1
1907,C0028084 ,1,1
1909,C0000765 ,0,1
1909,C0043094 ,0,0
1911,C0524322 ,0,1
1912,C1971624 ,1,1
1913,C0028643 ,0,0
1913,C0456820 ,0,1
1914,C0860645 ,1,1
1915,C0312418 ,1,0
1915,C0700590 ,0,1
1916,C0000765 ,0,1
1916,C1971624 ,1,0
1917,C0043094 ,0,0
1917,C1562291 ,0,1
1918,C0043094 ,0,0
1918,C0563717 ,0,1
1920,C0000765 ,0,0
1920,C0563146 ,0,1
1921,C0344315 ,0,0
1921,C0456820 ,0,1
1922,C0151908 ,0,1
1922,C0277960 ,1,0
1924,C0000765 ,0,0
1924,C0424158 ,0,1
1925,C0018681 ,0,0
1925,C0558127 ,0,1
1926,C0424565 ,0,0
1926,C0542313 ,0,1
1927,C1446377,0,0
1927,C2364087 ,0,1
1928,C0000765 ,0,0
1928,C0423994 ,0,1
1929,C0277960 ,0,0
1929,C0558127 ,0,1
1930,C0232461 ,0,1
1930,C1971624 ,0,0
1931,C0578994 ,0,0
1931,C1562291 ,0,1
1932,C0036104 ,1,0
1932,C0549622 ,0,1
1933,C0000765 ,0,0
1933,C0424432 ,0,1
1935,C0043387 ,1,0
1935,C0426584 ,0,1
1936,C0231403,0,0
1936,C0563717 ,0,1
1937,C0239067 ,0,0
1937,C0560085 ,0,1
1938,C0231403,0,0
1938,C0423994 ,0,1
1940,C0000765 ,0,0
1940,C0917801 ,0,1
1945,C0037320 ,0,1
1945,C0566582 ,0,0
1946,C0233998 ,0,1
1946,C0242350 ,1,0
1947,C0028081 ,0,1
1947,C0566582 ,1,0
1949,C0233998 ,0,1
1949,C0424336 ,1,0
1950,C0038990 ,0,0
1950,C0232461 ,0,1
1952,C0583786 ,0,1
1953,C0018681 ,1,1
1954,C0392674 ,1,0
1954,C0425082 ,0,1
1955,C1971624,0,1
1955,C1971624 ,1,0
1956,C0012833 ,1,1
1959,C0424336 ,0,0
1959,C0425769 ,0,1
1960,C0035258 ,1,1
1961,C0021177 ,0,1
1961,C0043387 ,1,0
1962,C0231403,0,0
1962,C0425082 ,0,1
1963,C0000765 ,0,1
1963,C0043094 ,0,0
1964,C0027497 ,1,1
1965,C0235160 ,0,0
1965,C0424444 ,0,1
1967,C0000765 ,0,0
1967,C0423994 ,0,1
1968,C0423044,0,0
1968,C3164199 ,0,1
1969,C0037933 ,0,0
1969,C0278140 ,0,1
1971,C0000765 ,0,0
1971,C1562291 ,0,1
1972,C0012833 ,0,0
1972,C3887605 ,0,1
1974,C0456814 ,0,1
1974,C1971624 ,0,0
1975,C0231247 ,0,1
1975,C0497406 ,0,0
1976,C0002957 ,0,0
1976,C3887605 ,0,1
1979,C0456820 ,0,1
1979,C2981158 ,0,0
1980,C0423994 ,0,1
1980,C0558261 ,0,0
1981,C0425101 ,0,1
1982,C0000765 ,0,0
1982,C0542313 ,0,1
1986,C0043387 ,1,0
1986,C0542313 ,0,1
1987,C0393760 ,0,0
1987,C0558127 ,0,1
1992,C0013144 ,0,0
1992,C0085631 ,0,1
1993,C0000765 ,0,0
1993,C1562291 ,0,1
1996,C0006325 ,1,1
1998,C1971624,0,1
1998,C1971624 ,1,0
1999,C0000765 ,0,0
1999,C0028084 ,0,1
2001,C0000765 ,0,0
2001,C0581879 ,0,1
2002,C0857087 ,0,1
2004,C0678798 ,0,0
2004,c0037317,0,1
2005,C0000765 ,0,0
2005,C0231247 ,0,1
2006,C0438697 ,0,0
2006,C1821572 ,0,1
2007,C0557875 ,0,0
2007,C0583786 ,0,1
2008,C0038990 ,0,0
2008,C0700590 ,0,1
2010,C0036104 ,0,0
2010,C0423994 ,0,1
2012,C0234019 ,0,0
2012,C0423994 ,0,1
2013,C0557875 ,0,0
2013,C0558127 ,0,1
2014,C0038990 ,0,0
2014,C0425712 ,0,1
2015,C0423564 ,0,1
2015,C0558185 ,1,0
2017,C0240327  ,1,0
2017,C0578994 ,0,1
2018,C0085633 ,1,0
2018,C0563158 ,0,1
2019,C0000765 ,0,0
2019,C0583786 ,0,1
2020,C0000765 ,0,0
2020,C0558077 ,0,1
2023,C0424557 ,0,1
2023,C0424558 ,0,0
2025,C0011124 ,1,1
2026,C0235146 ,0,1
2026,C0917801 ,0,0
2028,C0000765 ,0,0
2028,C0557883 ,0,1
2029,C0000765 ,0,0
2029,C0423994 ,0,1
2030,C0003862 ,1,0
2030,C0221785 ,0,1
2031,C0003862 ,1,0
2031,C0278140 ,0,1
2032,C0030193 ,0,0
2032,C0558127 ,0,1
2033,C0030193 ,1,0
2033,C0558127 ,0,1
2035,C0016204 ,0,0
2035,C0456820 ,0,1
2036,C0425101 ,0,0
2036,C1562291 ,0,1
2038,C0028081 ,0,1
2038,C0232461 ,1,0
2040,C0231247 ,0,1
2040,C1262477 ,0,0
2041,C0456814 ,0,1
2041,C1262477 ,0,0
2042,C0037320 ,0,1
2042,C0086769 ,0,0
2044,C0022107 ,0,1
2044,C0028084 ,0,0
2045,C0231528 ,0,0
2045,C0231530 ,0,1
2046,C0235146 ,0,1
2046,C0557875 ,0,0
2047,C0344232 ,0,0
2047,C0558127 ,0,1
2048,C0012833 ,1,1
2049,C0000765 ,0,0
2049,C1562291 ,0,1
2050,C0234047 ,1,0
2050,C0583786 ,0,1
2051,C0000765 ,0,0
2051,C1562291 ,0,1
2054,C0236000 ,0,0
2054,C0558077 ,0,1
2055,C0583786 ,0,0
2055,C4075722 ,0,1
2056,C0043094 ,0,0
2056,C0558077 ,0,1
2057,C0000765 ,0,0
2057,C0456820 ,0,1
2059,C0000765 ,0,0
2059,C0583786 ,0,1
2060,C0037320 ,0,1
2060,C0424565 ,0,0
2061,C0000765 ,0,0
2061,C0423994 ,0,1
2063,C0038990 ,1,1
2064,C0011124 ,0,1
2064,C0232462 ,1,0
2065,C0085631 ,0,1
2065,C4074950 ,0,0
2067,C0233471 ,0,1
2068,C0036572 ,1,0
2068,C0583786 ,0,1
2069,C0456820 ,0,1
2069,C0578026 ,0,0
2070,C0000765 ,0,0
2070,C1262477 ,0,1
2071,C0575805 ,0,1
2072,C0456814 ,0,1
2072,C1262477 ,1,0
2075,C0232461 ,0,1
2075,C0455769 ,0,0
2076,C0231247 ,0,0
2076,C0583786 ,0,1
2078,C0000765 ,0,0
2078,C0425082 ,0,1
2080,C0424573 ,1,0
2080,C0583786 ,0,1
2081,C0558127 ,0,1
2081,C0860645 ,0,0
2084,C0015967 ,1,0
2084,C0281856 ,0,1
2085,C0233408 ,0,0
2085,C0583786 ,0,1
2086,C0033774 ,1,0
2086,C0423994 ,0,1
2087,C0012833 ,0,1
2089,C0424558 ,0,1
2089,C0575805 ,0,0
2090,C0000765 ,0,0
2090,C0424537 ,0,1
2091,C0036902 ,0,1
2091,C0549622 ,1,0
2092,C0549622 ,0,0
2092,C0558127 ,0,1
2093,C0425769 ,0,1
2094,C1262477 ,0,0
2094,C1562291 ,0,1
2095,C0000765 ,0,1
2097,C0000765 ,0,0
2097,C1562291 ,0,1
2098,C0424323 ,0,0
2098,C0563717 ,0,1
2099,C0005826 ,0,0
2099,C0700590 ,0,1
2101,C0024031 ,0,1
2101,C0231528 ,0,0
2102,C0312418 ,0,0
2102,C0563717 ,0,1
2104,C0456820 ,0,1
2104,C0549622 ,1,0
2108,C0424528 ,0,1
2108,C0578994 ,1,0
2109,C0021177 ,0,1
2109,C0042571 ,0,0
2111,C0231247 ,1,1
2112,C0233479 ,0,1
2112,C0344315 ,0,0
2113,C0232292 ,0,0
2113,C0497247 ,0,1
2114,C0425769 ,0,1
2114,C1827663 ,1,0
2115,C0231403,0,1
2116,C0042963 ,1,1
2118,C0424336 ,0,1
2118,C0520947 ,0,0
2119,C0012833 ,1,1
2121,C0018681 ,0,0
2121,C0278140 ,0,1
2122,C0234019 ,0,0
2122,C0456820 ,0,1
2124,C0028643 ,1,0
2124,C0239832 ,0,1
2127,C0424573 ,1,1
2129,C0393760 ,0,0
2129,C0423994 ,0,1
2130,C0006325 ,1,0
2130,C0542313 ,0,1
2132,C0011860 ,0,0
2132,C0583786 ,0,1
2133,C0424528 ,0,0
2133,C0558127 ,0,1
2134,C0344232 ,1,1
2136,C0233408 ,0,0
2136,C4075722 ,0,1
2138,C0558127 ,0,1
2138,C0860645 ,0,0
2139,C1971624,0,1
2139,C1971624 ,0,0
2140,C0456820 ,0,1
2140,C1827663 ,0,0
2141,C0000765 ,0,0
2141,C0558127 ,0,1
2142,C0557875 ,1,1
2143,C0043387 ,0,0
2143,C0583786 ,0,1
2144,C0043094 ,1,1
2145,C0231247 ,0,1
2145,C1262477 ,0,0
2146,C1291077 ,0,1
2147,C0043387 ,1,1
2149,C0232461 ,0,0
2149,C0425082 ,0,1
